﻿{
  "callUuid": "1887DC15-488B-4D52-83D7-212818ADE62C",
  "startTime": "2019-06-21 16:56:15",
  "ringTime": "2019-06-21 16:56:18",
  "establishedTime": "2019-06-21 16:56:18",
  "finishedTime": "2019-06-21 16:56:49",
  "durationSeconds": 31,
  "totalSeconds": 34,
  "finishedReason": 0,
  "finishedReasonName": "",
  "fromPhone": "68761234",
  "toPhone": "13121385119",
  "deviceType": 4,
  "callType": 2,
  "callTypeName": "呼出",
  "direction": 2,
  "callResult": 4,
  "fileKey": "group1/M00/00/19/rBDI710Mm0aAazbwAAHlQzUjKt0343.wav",
  "fileName": "1887DC15-488B-4D52-83D7-212818ADE62C.wav",
  "fileSize": 124227,
  "upFlag": 1,
  "upFlagName": "上传完成",
  "upResNums": 1,
  "upDataNums": 1,
  "fileHandle": 1024,
  "memo": ""
}
